<?xml version="1.0" encoding="UTF-8"?>
<con:soapui-project name="Prueba AplicacionTuLibroOnline" resourceRoot="" soapui-version="3.0.1" abortOnError="false" runType="SEQUENTIAL" xmlns:con="http://eviware.com/soapui/config"><con:settings/><con:interface xsi:type="con:WsdlInterface" wsaVersion="NONE" name="VentaLibrosWSDLBinding" type="wsdl" bindingName="{http://j2ee.netbeans.org/wsdl/ServiciosVenta/VentaLibrosWSDL}VentaLibrosWSDLBinding" soapVersion="1_1" anonymous="optional" definition="http://localhost:9080/VentaLibrosWSDLService/VentaLibrosWSDLPort?WSDL" xmlns:xsi="http://www.w3.org/2001/XMLSchema-instance"><con:settings/><con:definitionCache type="TEXT" rootPart="http://localhost:9080/VentaLibrosWSDLService/VentaLibrosWSDLPort?WSDL"><con:part><con:url>http://localhost:9080/VentaLibrosWSDLService/VentaLibrosWSDLPort?WSDL</con:url><con:content><![CDATA[<definitions name="VentaLibrosWSDL" targetNamespace="http://j2ee.netbeans.org/wsdl/ServiciosVenta/VentaLibrosWSDL" xmlns="http://schemas.xmlsoap.org/wsdl/" xmlns:plnk="http://docs.oasis-open.org/wsbpel/2.0/plnktype" xmlns:wsdl="http://schemas.xmlsoap.org/wsdl/" xmlns:tns="http://j2ee.netbeans.org/wsdl/ServiciosVenta/VentaLibrosWSDL" xmlns:xsd="http://www.w3.org/2001/XMLSchema" xmlns:soap="http://schemas.xmlsoap.org/wsdl/soap/">
  <types></types>
  <message name="VentaLibrosWSDLOperationResponse">
    <part name="resultado" type="xsd:string"></part>
  </message>
  <message name="VentaLibrosWSDLOperationRequest">
    <part name="ISBN" type="xsd:string"></part>
    <part name="idCliente" type="xsd:string"></part>
    <part name="unidades" type="xsd:int"></part>
    <part name="precioUnidad" type="xsd:int"></part>
  </message>
  <portType name="VentaLibrosWSDLPortType">
    <operation name="VentaLibrosWSDLOperation">
      <input name="input1" message="tns:VentaLibrosWSDLOperationRequest"></input>
      <output name="output1" message="tns:VentaLibrosWSDLOperationResponse"></output>
    </operation>
  </portType>
  <binding name="VentaLibrosWSDLBinding" type="tns:VentaLibrosWSDLPortType">
    <soap:binding style="rpc" transport="http://schemas.xmlsoap.org/soap/http"/>
    <operation name="VentaLibrosWSDLOperation">
      <soap:operation/>
      <input name="input1">
        <soap:body use="literal" namespace="http://j2ee.netbeans.org/wsdl/ServiciosVenta/VentaLibrosWSDL"/>
      </input>
      <output name="output1">
        <soap:body use="literal" namespace="http://j2ee.netbeans.org/wsdl/ServiciosVenta/VentaLibrosWSDL"/>
      </output>
    </operation>
  </binding>
  <service name="VentaLibrosWSDLService">
    <port name="VentaLibrosWSDLPort" binding="tns:VentaLibrosWSDLBinding">
      <soap:address location="http://localhost:9080/VentaLibrosWSDLService/VentaLibrosWSDLPort"/>
    </port>
  </service>
  <plnk:partnerLinkType name="VentaLibrosWSDL">
    <!--A partner link type is automatically generated when a new port type is added. Partner link types are used by BPEL processes. 
In a BPEL process, a partner link represents the interaction between the BPEL process and a partner service. Each partner link is associated with a partner link type.
A partner link type characterizes the conversational relationship between two services. The partner link type can have one or two roles.-->
    <plnk:role name="VentaLibrosWSDLPortTypeRole" portType="tns:VentaLibrosWSDLPortType"/>
  </plnk:partnerLinkType>
</definitions>]]></con:content><con:type>http://schemas.xmlsoap.org/wsdl/</con:type></con:part></con:definitionCache><con:endpoints><con:endpoint>http://localhost:9080/VentaLibrosWSDLService/VentaLibrosWSDLPort</con:endpoint></con:endpoints><con:operation isOneWay="false" action="" name="VentaLibrosWSDLOperation" bindingOperationName="VentaLibrosWSDLOperation" type="Request-Response" outputName="output1" inputName="input1" receivesAttachments="false" sendsAttachments="false" anonymous="optional"><con:settings/><con:call name="Request con stock de producto"><con:settings/><con:encoding>UTF-8</con:encoding><con:endpoint>http://localhost:9080/VentaLibrosWSDLService/VentaLibrosWSDLPort</con:endpoint><con:request><![CDATA[<soapenv:Envelope xmlns:soapenv="http://schemas.xmlsoap.org/soap/envelope/" xmlns:ven="http://j2ee.netbeans.org/wsdl/ServiciosVenta/VentaLibrosWSDL">
   <soapenv:Header/>
   <soapenv:Body>
      <ven:VentaLibrosWSDLOperation>
         <ISBN>978-84-92650-17-0</ISBN>
         <idCliente>igpuebla</idCliente>
         <unidades>2</unidades>
         <precioUnidad>30</precioUnidad>
      </ven:VentaLibrosWSDLOperation>
   </soapenv:Body>
</soapenv:Envelope>]]></con:request><con:wsaConfig mustUnderstand="NONE" version="200508" action="http://j2ee.netbeans.org/wsdl/ServiciosVenta/VentaLibrosWSDL/VentaLibrosWSDLPortType/input1"/><con:wsrmConfig version="1.2"/></con:call><con:call name="Request sin stock de producto"><con:settings/><con:encoding>UTF-8</con:encoding><con:endpoint>http://localhost:9080/VentaLibrosWSDLService/VentaLibrosWSDLPort</con:endpoint><con:request><![CDATA[<soapenv:Envelope xmlns:soapenv="http://schemas.xmlsoap.org/soap/envelope/" xmlns:ven="http://j2ee.netbeans.org/wsdl/ServiciosVenta/VentaLibrosWSDL">
   <soapenv:Header/>
   <soapenv:Body>
      <ven:VentaLibrosWSDLOperation>
         <ISBN>978-84-92650-17-0</ISBN>
         <idCliente>igpuebla</idCliente>
         <unidades>10</unidades>
         <precioUnidad>30</precioUnidad>
      </ven:VentaLibrosWSDLOperation>
   </soapenv:Body>
</soapenv:Envelope>]]></con:request><con:wsaConfig mustUnderstand="NONE" version="200508" action="http://j2ee.netbeans.org/wsdl/ServiciosVenta/VentaLibrosWSDL/VentaLibrosWSDLPortType/input1"/><con:wsrmConfig version="1.2"/></con:call></con:operation></con:interface><con:properties/><con:wssContainer/></con:soapui-project>